{
	"sources" : 
	[
		{
			"file" : "/home/kali/bof.net/managed/CMakeFiles/bofnet_managed"
		},
		{
			"file" : "/home/kali/bof.net/managed/CMakeFiles/bofnet_managed.rule"
		},
		{
			"file" : "/home/kali/bof.net/managed/CMakeFiles/bofnet_managed-complete.rule"
		},
		{
			"file" : "/home/kali/bof.net/managed/bofnet_managed-prefix/src/bofnet_managed-stamp/bofnet_managed-build.rule"
		},
		{
			"file" : "/home/kali/bof.net/managed/bofnet_managed-prefix/src/bofnet_managed-stamp/bofnet_managed-configure.rule"
		},
		{
			"file" : "/home/kali/bof.net/managed/bofnet_managed-prefix/src/bofnet_managed-stamp/bofnet_managed-download.rule"
		},
		{
			"file" : "/home/kali/bof.net/managed/bofnet_managed-prefix/src/bofnet_managed-stamp/bofnet_managed-install.rule"
		},
		{
			"file" : "/home/kali/bof.net/managed/bofnet_managed-prefix/src/bofnet_managed-stamp/bofnet_managed-mkdir.rule"
		},
		{
			"file" : "/home/kali/bof.net/managed/bofnet_managed-prefix/src/bofnet_managed-stamp/bofnet_managed-patch.rule"
		},
		{
			"file" : "/home/kali/bof.net/managed/bofnet_managed-prefix/src/bofnet_managed-stamp/bofnet_managed-update.rule"
		}
	],
	"target" : 
	{
		"labels" : 
		[
			"bofnet_managed"
		],
		"name" : "bofnet_managed"
	}
}